,secID,ticker,secShortName,exchangeCD,tradeDate,preClosePrice,actPreClosePrice,openPrice,highestPrice,lowestPrice,closePrice,turnoverVol,turnoverValue,dealAmount,turnoverRate,accumAdjFactor,negMarketValue,marketValue,chgPct,PE,PE1,PB,isOpen,vwap
0,000001.XSHE,000001,平安银行,XSHE,2017-01-03,9.1,9.1,9.11,9.18,9.09,9.16,45984049,420595176.46,13730,0.0031,0.9697020054,134021612464,157280968424,0.0066,6.885,6.3017,0.7934,1,9.147
1,000001.XSHE,000001,平安银行,XSHE,2017-01-04,9.16,9.16,9.15,9.18,9.14,9.16,44932953,411503444.03,11850,0.0031,0.9697020054,134021612464,157280968424,0.0,6.885,6.3017,0.7934,1,9.158
2,000001.XSHE,000001,平安银行,XSHE,2017-01-05,9.16,9.16,9.17,9.18,9.15,9.17,34437291,315769693.5,11764,0.0024,0.9697020054,134167924268,157452672538,0.0011,6.8925,6.3085,0.7943,1,9.169
3,000001.XSHE,000001,平安银行,XSHE,2017-01-06,9.17,9.17,9.17,9.17,9.11,9.13,35815420,327176433.93,14671,0.0024,0.9697020054,133582677052,156765856082,-0.0044,6.8625,6.281,0.7908,1,9.135
4,000001.XSHE,000001,平安银行,XSHE,2017-01-09,9.13,9.13,9.13,9.17,9.11,9.15,36108157,329994604.0,12975,0.0021,0.9697020054,154799605755,157109264310,0.0022,6.8775,6.2948,0.7926,1,9.139
5,000001.XSHE,000001,平安银行,XSHE,2017-01-10,9.15,9.15,9.15,9.16,9.14,9.15,24105395,220575131.96,7675,0.0014,0.9697020054,154799605755,157109264310,0.0,6.8775,6.2948,0.7926,1,9.15
6,000001.XSHE,000001,平安银行,XSHE,2017-01-11,9.15,9.15,9.14,9.17,9.13,9.14,30343089,277553207.26,10373,0.0018,0.9697020054,154630425858,156937560196,-0.0011,6.87,6.2879,0.7917,1,9.147
7,000001.XSHE,000001,平安银行,XSHE,2017-01-12,9.14,9.14,9.13,9.17,9.13,9.15,42800677,391869402.76,10975,0.0025,0.9697020054,154799605755,157109264310,0.0011,6.8775,6.2948,0.7926,1,9.156
8,000001.XSHE,000001,平安银行,XSHE,2017-01-13,9.15,9.15,9.14,9.19,9.12,9.16,43430137,397601906.25,11244,0.0026,0.9697020054,154968785652,157280968424,0.0011,6.885,6.3017,0.7934,1,9.155
9,000001.XSHE,000001,平安银行,XSHE,2017-01-16,9.16,9.16,9.15,9.16,9.07,9.14,68316586,623025820.27,17210,0.004,0.9697020054,154630425858,156937560196,-0.0022,6.87,6.2879,0.7917,1,9.12
10,000001.XSHE,000001,平安银行,XSHE,2017-01-17,9.14,9.14,9.12,9.16,9.1,9.15,54555237,498179703.17,12922,0.0032,0.9697020054,154799605755,157109264310,0.0011,6.8775,6.2948,0.7926,1,9.132
11,000001.XSHE,000001,平安银行,XSHE,2017-01-18,9.15,9.15,9.14,9.19,9.13,9.17,57426939,526426595.69,12412,0.0034,0.9697020054,155137965549,157452672538,0.0022,6.8925,6.3085,0.7943,1,9.167
12,000001.XSHE,000001,平安银行,XSHE,2017-01-19,9.17,9.17,9.15,9.24,9.15,9.18,43771286,402445639.34,11850,0.0026,0.9697020054,155307145446,157624376652,0.0011,6.9,6.3154,0.7952,1,9.194
13,000001.XSHE,000001,平安银行,XSHE,2017-01-20,9.18,9.18,9.17,9.23,9.17,9.22,39332857,361865155.13,10384,0.0023,0.9697020054,155983865034,158311193108,0.0044,6.9301,6.3429,0.7986,1,9.2
14,000001.XSHE,000001,平安银行,XSHE,2017-01-23,9.22,9.22,9.22,9.26,9.2,9.22,42029931,388019072.56,11143,0.0025,0.9697020054,155983865034,158311193108,0.0,6.9301,6.3429,0.7986,1,9.232
15,000001.XSHE,000001,平安银行,XSHE,2017-01-24,9.22,9.22,9.23,9.28,9.2,9.27,47024408,434787729.13,12076,0.0028,0.9697020054,156829764519,159169713678,0.0054,6.9677,6.3773,0.803,1,9.246
16,000001.XSHE,000001,平安银行,XSHE,2017-01-25,9.27,9.27,9.27,9.28,9.25,9.26,30440196,281976294.07,8545,0.0018,0.9697020054,156660584622,158998009564,-0.0011,6.9602,6.3705,0.8021,1,9.263
17,000001.XSHE,000001,平安银行,XSHE,2017-01-26,9.26,9.26,9.27,9.34,9.26,9.33,42071258,391844286.24,12513,0.0025,0.9697020054,157844843901,160199938362,0.0076,7.0128,6.4186,0.8082,1,9.314
18,000001.XSHE,000001,平安银行,XSHE,2017-02-03,9.33,9.33,9.34,9.36,9.23,9.26,31547224,292617943.26,10579,0.0019,0.9697020054,156660584622,158998009564,-0.0075,7.0356,7.0356,0.7865,1,9.276
19,000001.XSHE,000001,平安银行,XSHE,2017-02-06,9.26,9.26,9.26,9.32,9.26,9.31,51678611,480441331.04,12486,0.0031,0.9697020054,157506484107,159856530134,0.0054,6.9977,6.4049,0.8064,1,9.297
20,000001.XSHE,000001,平安银行,XSHE,2017-02-07,9.31,9.31,9.31,9.32,9.27,9.3,39688497,368755274.2,13553,0.0023,0.9697020054,157337304210,159684826020,-0.0011,6.9902,6.398,0.8056,1,9.291
21,000001.XSHE,000001,平安银行,XSHE,2017-02-08,9.3,9.3,9.29,9.3,9.24,9.3,36027242,333975401.82,12304,0.0021,0.9697020054,157337304210,159684826020,0.0,6.9902,6.398,0.8056,1,9.27
22,000001.XSHE,000001,平安银行,XSHE,2017-02-09,9.3,9.3,9.3,9.33,9.28,9.31,34285513,319201023.28,10575,0.002,0.9697020054,157506484107,159856530134,0.0011,6.9977,6.4049,0.8064,1,9.31
23,000001.XSHE,000001,平安银行,XSHE,2017-02-10,9.31,9.31,9.32,9.36,9.31,9.33,48274323,450701345.31,11581,0.0029,0.9697020054,157844843901,160199938362,0.0021,7.0128,6.4186,0.8082,1,9.336
24,000001.XSHE,000001,平安银行,XSHE,2017-02-13,9.33,9.33,9.34,9.44,9.33,9.41,63836475,599951024.32,18685,0.0038,0.9697020054,159198283077,161573571274,0.0086,7.0729,6.4736,0.8151,1,9.398
25,000001.XSHE,000001,平安银行,XSHE,2017-02-14,9.41,9.41,9.41,9.42,9.37,9.4,36240460,340318431.4,12457,0.0021,0.9697020054,159029103180,161401867160,-0.0011,7.0654,6.4668,0.8142,1,9.391
26,000001.XSHE,000001,平安银行,XSHE,2017-02-15,9.4,9.4,9.4,9.54,9.39,9.45,75661306,716759655.28,21974,0.0045,0.9697020054,159875002665,162260387730,0.0053,7.103,6.5012,0.8186,1,9.473
27,000001.XSHE,000001,平安银行,XSHE,2017-02-16,9.45,9.45,9.45,9.5,9.42,9.46,41116113,388636225.2,10599,0.0024,0.9697020054,160044182562,162432091844,0.0011,7.1105,6.508,0.8194,1,9.452
28,000001.XSHE,000001,平安银行,XSHE,2017-02-17,9.46,9.46,9.46,9.49,9.37,9.39,42377497,400161795.09,15274,0.0025,0.9697020054,158859923283,161230163046,-0.0074,7.0579,6.4599,0.8134,1,9.443
29,000001.XSHE,000001,平安银行,XSHE,2017-02-20,9.39,9.39,9.4,9.58,9.4,9.56,89875539,855710805.5,26562,0.0053,0.9697020054,161735981532,164149132984,0.0181,7.1857,6.5768,0.8281,1,9.521
30,000001.XSHE,000001,平安银行,XSHE,2017-02-21,9.56,9.56,9.55,9.62,9.54,9.57,64658421,618761069.26,16710,0.0038,0.9697020054,161905161429,164320837098,0.001,7.1932,6.5837,0.8289,1,9.57
31,000001.XSHE,000001,平安银行,XSHE,2017-02-22,9.57,9.57,9.57,9.57,9.5,9.57,46296611,441528339.71,13305,0.0027,0.9697020054,161905161429,164320837098,0.0,7.1932,6.5837,0.8289,1,9.537
32,000001.XSHE,000001,平安银行,XSHE,2017-02-23,9.57,9.57,9.55,9.57,9.48,9.51,33532781,319293836.59,12405,0.002,0.9697020054,160890082047,163290612414,-0.0063,7.1481,6.5424,0.8238,1,9.522
33,000001.XSHE,000001,平安银行,XSHE,2017-02-24,9.51,9.51,9.5,9.54,9.48,9.5,33250014,316020789.4,10381,0.002,0.9697020054,160720902150,163118908300,-0.0011,7.1406,6.5356,0.8229,1,9.504
34,000001.XSHE,000001,平安银行,XSHE,2017-02-27,9.5,9.5,9.5,9.5,9.42,9.43,40734112,384781015.65,14036,0.0024,0.9697020054,159536642871,161916979502,-0.0074,7.0879,6.4874,0.8168,1,9.446
35,000001.XSHE,000001,平安银行,XSHE,2017-02-28,9.43,9.43,9.43,9.51,9.42,9.48,36971970,350366892.5,11217,0.0022,0.9697020054,160382542356,162775500072,0.0053,7.1255,6.5218,0.8212,1,9.477
36,000001.XSHE,000001,平安银行,XSHE,2017-03-01,9.48,9.48,9.49,9.55,9.47,9.49,34699373,330157963.4,13578,0.0021,0.9697020054,160551722253,162947204186,0.0011,7.133,6.5287,0.822,1,9.515
37,000001.XSHE,000001,平安银行,XSHE,2017-03-02,9.49,9.49,9.51,9.54,9.42,9.43,40362870,382395883.84,14403,0.0024,0.9697020054,159536642871,161916979502,-0.0063,7.0879,6.4874,0.8168,1,9.474
38,000001.XSHE,000001,平安银行,XSHE,2017-03-03,9.43,9.43,9.41,9.43,9.36,9.4,34265508,321952549.22,11829,0.002,0.9697020054,159029103180,161401867160,-0.0032,7.0654,6.4668,0.8142,1,9.396
39,000001.XSHE,000001,平安银行,XSHE,2017-03-06,9.4,9.4,9.4,9.46,9.39,9.45,40451138,381212304.19,13847,0.0024,0.9697020054,159875002665,162260387730,0.0053,7.103,6.5012,0.8186,1,9.424
40,000001.XSHE,000001,平安银行,XSHE,2017-03-07,9.45,9.45,9.44,9.46,9.4,9.45,29467282,277747415.42,11008,0.0017,0.9697020054,159875002665,162260387730,0.0,7.103,6.5012,0.8186,1,9.426
41,000001.XSHE,000001,平安银行,XSHE,2017-03-08,9.45,9.45,9.43,9.45,9.4,9.42,24443839,230425150.54,9468,0.0014,0.9697020054,159367462974,161745275388,-0.0032,7.0804,6.4805,0.816,1,9.427
42,000001.XSHE,000001,平安银行,XSHE,2017-03-09,9.42,9.42,9.41,9.43,9.36,9.38,37816992,354813687.5,12919,0.0022,0.9697020054,158690743386,161058458932,-0.0042,7.0504,6.453,0.8125,1,9.382
43,000001.XSHE,000001,平安银行,XSHE,2017-03-10,9.38,9.38,9.38,9.41,9.36,9.4,39018225,366140052.24,9870,0.0023,0.9697020054,159029103180,161401867160,0.0021,7.0654,6.4668,0.8142,1,9.384
44,000001.XSHE,000001,平安银行,XSHE,2017-03-13,9.4,9.4,9.39,9.45,9.37,9.44,54530444,513148481.04,12851,0.0032,0.9697020054,159705822768,162088683616,0.0043,7.0955,6.4943,0.8177,1,9.41
45,000001.XSHE,000001,平安银行,XSHE,2017-03-14,9.44,9.44,9.43,9.46,9.41,9.44,40448435,381594066.95,10475,0.0024,0.9697020054,159705822768,162088683616,0.0,7.0955,6.4943,0.8177,1,9.434
46,000001.XSHE,000001,平安银行,XSHE,2017-03-15,9.44,9.44,9.42,9.48,9.42,9.48,54656086,515943748.1,11121,0.0032,0.9697020054,160382542356,162775500072,0.0042,7.2028,7.2028,0.8051,1,9.44
47,000001.XSHE,000001,平安银行,XSHE,2017-03-16,9.48,9.48,9.48,9.53,9.45,9.52,63595381,603450064.07,14949,0.0038,0.9697020054,161059261944,163462316528,0.0042,7.2332,7.2332,0.8085,1,9.489
48,000001.XSHE,000001,平安银行,XSHE,2017-03-17,9.52,9.52,9.45,9.46,9.3,9.31,158364708,1482736995.37,40589,0.0094,0.9697020054,157506484107,159856530134,-0.0221,7.0736,7.0736,0.7907,1,9.363
49,000001.XSHE,000001,平安银行,XSHE,2017-03-20,9.31,9.31,9.29,9.31,9.22,9.25,71502177,661887015.08,26076,0.0042,0.9697020054,156491404725,158826305450,-0.0064,7.028,7.028,0.7856,1,9.257
50,000001.XSHE,000001,平安银行,XSHE,2017-03-21,9.25,9.25,9.25,9.26,9.2,9.24,55464874,511914333.09,21107,0.0033,0.9697020054,156322224828,158654601336,-0.0011,7.0204,7.0204,0.7848,1,9.23
51,000001.XSHE,000001,平安银行,XSHE,2017-03-22,9.24,9.24,9.2,9.22,9.14,9.16,56612363,519331026.27,23937,0.0033,0.9697020054,154968785652,157280968424,-0.0087,6.9596,6.9596,0.778,1,9.173
52,000001.XSHE,000001,平安银行,XSHE,2017-03-23,9.16,9.16,9.16,9.24,9.15,9.2,43358829,398986562.09,13785,0.0026,0.9697020054,155645505240,157967784880,0.0044,6.99,6.99,0.7814,1,9.202
53,000001.XSHE,000001,平安银行,XSHE,2017-03-24,9.2,9.2,9.2,9.24,9.16,9.19,71082787,653533829.88,21106,0.0042,0.9697020054,155476325343,157796080766,-0.0011,6.9824,6.9824,0.7805,1,9.194
54,000001.XSHE,000001,平安银行,XSHE,2017-03-27,9.19,9.19,9.12,9.19,9.08,9.14,98501205,900094460.92,29648,0.0058,0.9697020054,154630425858,156937560196,-0.0054,6.9444,6.9444,0.7763,1,9.138
55,000001.XSHE,000001,平安银行,XSHE,2017-03-28,9.14,9.14,9.16,9.17,9.1,9.12,48137276,439405816.17,15662,0.0028,0.9697020054,154292066064,156594151968,-0.0022,6.9293,6.9293,0.7746,1,9.128
56,000001.XSHE,000001,平安银行,XSHE,2017-03-29,9.12,9.12,9.13,9.15,9.09,9.11,60114068,548060692.96,18501,0.0036,0.9697020054,154122886167,156422447854,-0.0011,6.9217,6.9217,0.7737,1,9.117
57,000001.XSHE,000001,平安银行,XSHE,2017-03-30,9.11,9.11,9.12,9.12,9.06,9.08,68728555,623995512.84,21762,0.0041,0.9697020054,153615346476,155907335512,-0.0033,6.8989,6.8989,0.7712,1,9.079
58,000001.XSHE,000001,平安银行,XSHE,2017-03-31,9.08,9.08,9.08,9.18,9.08,9.17,63312122,578579035.11,19565,0.0037,0.9697020054,155137965549,157452672538,0.0099,6.9672,6.9672,0.7788,1,9.139
59,000001.XSHE,000001,平安银行,XSHE,2017-04-05,9.17,9.17,9.16,9.22,9.15,9.21,49915009,458567834.2,16554,0.003,0.9697020054,155814685137,158139488994,0.0044,6.9976,6.9976,0.7822,1,9.187
60,000001.XSHE,000001,平安银行,XSHE,2017-04-06,9.21,9.21,9.2,9.22,9.17,9.2,43439147,399118983.36,14030,0.0026,0.9697020054,155645505240,157967784880,-0.0011,6.99,6.99,0.7814,1,9.188
61,000001.XSHE,000001,平安银行,XSHE,2017-04-07,9.2,9.2,9.19,9.22,9.17,9.2,51484476,473366404.45,13245,0.003,0.9697020054,155645505240,157967784880,0.0,6.99,6.99,0.7814,1,9.194
62,000001.XSHE,000001,平安银行,XSHE,2017-04-10,9.2,9.2,9.2,9.21,9.17,9.18,40134394,368682024.9,12623,0.0024,0.9697020054,155307145446,157624376652,-0.0022,6.9748,6.9748,0.7797,1,9.186
63,000001.XSHE,000001,平安银行,XSHE,2017-04-11,9.18,9.18,9.17,9.19,9.09,9.15,61243796,560304072.91,18185,0.0036,0.9697020054,154799605755,157109264310,-0.0033,6.952,6.952,0.7771,1,9.149
64,000001.XSHE,000001,平安银行,XSHE,2017-04-12,9.15,9.15,9.16,9.17,9.1,9.12,45533653,416101249.02,15548,0.0027,0.9697020054,154292066064,156594151968,-0.0033,6.9293,6.9293,0.7746,1,9.138
65,000001.XSHE,000001,平安银行,XSHE,2017-04-13,9.12,9.12,9.11,9.14,9.1,9.12,35744255,325949861.06,11565,0.0021,0.9697020054,154292066064,156594151968,0.0,6.9293,6.9293,0.7746,1,9.119
66,000001.XSHE,000001,平安银行,XSHE,2017-04-14,9.12,9.12,9.11,9.12,9.06,9.08,49050050,445637458.07,18335,0.0029,0.9697020054,153615346476,155907335512,-0.0044,6.8989,6.8989,0.7712,1,9.085
67,000001.XSHE,000001,平安银行,XSHE,2017-04-17,9.08,9.08,9.08,9.11,9.05,9.1,53189218,483130499.72,17670,0.0031,0.9697020054,153953706270,156250743740,0.0022,6.9141,6.9141,0.7729,1,9.083
68,000001.XSHE,000001,平安银行,XSHE,2017-04-18,9.1,9.1,9.09,9.1,9.05,9.05,33537696,304162860.29,14188,0.002,0.9697020054,153107806785,155392223170,-0.0055,6.8761,6.8761,0.7686,1,9.069
69,000001.XSHE,000001,平安银行,XSHE,2017-04-19,9.05,9.05,9.03,9.04,8.9,8.91,79966857,714963673.14,29322,0.0047,0.9697020054,150739288227,152988365574,-0.0155,6.7697,6.7697,0.7567,1,8.941
70,000001.XSHE,000001,平安银行,XSHE,2017-04-20,8.91,8.91,8.9,8.94,8.89,8.92,43762999,390063543.84,16861,0.0026,0.9697020054,150908468124,153160069688,0.0011,6.7773,6.7773,0.7576,1,8.913
71,000001.XSHE,000001,平安银行,XSHE,2017-04-21,8.92,8.92,8.92,8.99,8.9,8.97,32540817,291126076.24,11789,0.0019,0.9697020054,151754367609,154018590258,0.0056,6.8153,6.8153,0.7618,1,8.946
72,000001.XSHE,000001,平安银行,XSHE,2017-04-24,8.97,8.97,8.97,8.98,8.89,8.93,39499527,352926394.67,14272,0.0023,0.9697020054,151077648021,153331773802,-0.0045,6.7467,6.1688,0.7381,1,8.935
73,000001.XSHE,000001,平安银行,XSHE,2017-04-25,8.93,8.93,8.93,9.01,8.93,9.0,37793334,339230143.97,13807,0.0022,0.9697020054,152261907300,154533702600,0.0078,6.7996,6.2172,0.7439,1,8.976
74,000001.XSHE,000001,平安银行,XSHE,2017-04-26,9.0,9.0,9.0,9.01,8.96,8.99,38214706,343316092.51,12626,0.0023,0.9697020054,152092727403,154361998486,-0.0011,6.792,6.2103,0.7431,1,8.984
75,000001.XSHE,000001,平安银行,XSHE,2017-04-27,8.99,8.99,8.97,8.98,8.91,8.97,38739256,346186989.88,14767,0.0023,0.9697020054,151754367609,154018590258,-0.0022,6.7769,6.1964,0.7414,1,8.936
76,000001.XSHE,000001,平安银行,XSHE,2017-04-28,8.97,8.97,8.96,8.99,8.92,8.99,28644636,256106698.72,10299,0.0017,0.9697020054,152092727403,154361998486,0.0022,6.792,6.2103,0.7431,1,8.941
77,000001.XSHE,000001,平安银行,XSHE,2017-05-02,8.99,8.99,8.96,8.96,8.9,8.94,31102610,277665881.67,11556,0.0018,0.9697020054,151246827918,153503477916,-0.0056,6.7542,6.1757,0.7389,1,8.927
78,000001.XSHE,000001,平安银行,XSHE,2017-05-03,8.94,8.94,8.92,8.93,8.89,8.91,28031077,249660877.22,10642,0.0017,0.9697020054,150739288227,152988365574,-0.0034,6.7316,6.155,0.7364,1,8.907
79,000001.XSHE,000001,平安银行,XSHE,2017-05-04,8.91,8.91,8.89,8.89,8.72,8.74,69651707,613783434.31,25628,0.0041,0.9697020054,147863229978,150069395636,-0.0191,6.6031,6.0376,0.7224,1,8.812
80,000001.XSHE,000001,平安银行,XSHE,2017-05-05,8.74,8.74,8.74,8.76,8.58,8.63,62370085,539541739.86,24386,0.0037,0.9697020054,146002251111,148180650382,-0.0126,6.52,5.9616,0.7133,1,8.651
81,000001.XSHE,000001,平安银行,XSHE,2017-05-08,8.63,8.63,8.6,8.62,8.54,8.57,46008989,394424117.19,18771,0.0027,0.9697020054,144987171729,147150425698,-0.007,6.4747,5.9201,0.7083,1,8.573
82,000001.XSHE,000001,平安银行,XSHE,2017-05-09,8.57,8.57,8.56,8.64,8.55,8.64,32419446,279119676.49,12935,0.0019,0.9697020054,146171431008,148352354496,0.0082,6.5276,5.9685,0.7141,1,8.61
83,000001.XSHE,000001,平安银行,XSHE,2017-05-10,8.64,8.64,8.63,8.8,8.62,8.67,57307768,498675307.83,16182,0.0034,0.9697020054,146678970699,148867466838,0.0035,6.5502,5.9892,0.7166,1,8.702
84,000001.XSHE,000001,平安银行,XSHE,2017-05-11,8.67,8.67,8.65,8.72,8.6,8.7,50364355,436444282.31,15125,0.003,0.9697020054,147186510390,149382579180,0.0035,6.5729,6.0099,0.7191,1,8.666
85,000001.XSHE,000001,平安银行,XSHE,2017-05-12,8.7,8.7,8.68,8.9,8.64,8.9,91796819,809131900.14,23951,0.0054,0.9697020054,150570108330,152816661460,0.023,6.724,6.1481,0.7356,1,8.814
86,000001.XSHE,000001,平安银行,XSHE,2017-05-15,8.9,8.9,8.89,8.95,8.81,8.86,53657821,476417671.72,15125,0.0032,0.9697020054,149893388742,152129845004,-0.0045,6.6938,6.1204,0.7323,1,8.879
87,000001.XSHE,000001,平安银行,XSHE,2017-05-16,8.86,8.86,8.84,8.85,8.73,8.84,52487233,461069300.97,13517,0.0031,0.9697020054,149555028948,151786436776,-0.0023,6.6787,6.1066,0.7307,1,8.784
88,000001.XSHE,000001,平安银行,XSHE,2017-05-17,8.84,8.84,8.81,8.81,8.75,8.77,41733802,365987542.61,13851,0.0025,0.9697020054,148370769669,150584507978,-0.0079,6.6258,6.0583,0.7249,1,8.77
89,000001.XSHE,000001,平安银行,XSHE,2017-05-18,8.77,8.77,8.72,8.77,8.71,8.73,22740112,198765579.76,10931,0.0013,0.9697020054,147694050081,149897691522,-0.0046,6.5956,6.0306,0.7216,1,8.741
90,000001.XSHE,000001,平安银行,XSHE,2017-05-19,8.73,8.73,8.74,8.76,8.68,8.69,29427084,256396867.64,13497,0.0017,0.9697020054,147017330493,149210875066,-0.0046,6.5654,6.003,0.7183,1,8.713
91,000001.XSHE,000001,平安银行,XSHE,2017-05-22,8.69,8.69,8.68,8.73,8.61,8.68,67912005,588546725.07,19092,0.004,0.9697020054,146848150596,149039170952,-0.0012,6.5578,5.9961,0.7174,1,8.666
92,000001.XSHE,000001,平安银行,XSHE,2017-05-23,8.68,8.68,8.67,8.84,8.64,8.79,80004019,702123772.98,22517,0.0047,0.9697020054,148709129463,150927916206,0.0127,6.6409,6.0721,0.7265,1,8.776
93,000001.XSHE,000001,平安银行,XSHE,2017-05-24,8.79,8.79,8.78,8.83,8.68,8.81,53237669,466560635.92,16145,0.0031,0.9697020054,149047489257,151271324434,0.0023,6.656,6.0859,0.7282,1,8.764
94,000001.XSHE,000001,平安银行,XSHE,2017-05-25,8.81,8.81,8.79,9.14,8.78,9.1,162154374,1462763018.52,47273,0.0096,0.9697020054,153953706270,156250743740,0.0329,6.8751,6.2862,0.7521,1,9.021
95,000001.XSHE,000001,平安银行,XSHE,2017-05-26,9.1,9.1,9.08,9.13,9.04,9.1,89536576,813387170.15,17277,0.0053,0.9697020054,153953706270,156250743740,0.0,6.8751,6.2862,0.7521,1,9.084
96,000001.XSHE,000001,平安银行,XSHE,2017-05-31,9.1,9.1,9.1,9.23,9.06,9.2,103321095,948741889.7,27135,0.0061,0.9697020054,155645505240,157967784880,0.011,6.9507,6.3553,0.7604,1,9.182
97,000001.XSHE,000001,平安银行,XSHE,2017-06-01,9.2,9.2,9.2,9.23,9.12,9.19,56618276,519544675.84,15704,0.0033,0.9697020054,155476325343,157796080766,-0.0011,6.9431,6.3484,0.7596,1,9.176
98,000001.XSHE,000001,平安银行,XSHE,2017-06-02,9.19,9.19,9.18,9.29,9.14,9.17,77075706,710119498.1,20746,0.0046,0.9697020054,155137965549,157452672538,-0.0022,6.928,6.3346,0.7579,1,9.213
99,000001.XSHE,000001,平安银行,XSHE,2017-06-05,9.17,9.17,9.13,9.17,8.99,9.03,63413269,573460396.83,21012,0.0037,0.9697020054,152769446991,155048814942,-0.0153,6.8222,6.2379,0.7464,1,9.043
100,000001.XSHE,000001,平安银行,XSHE,2017-06-06,9.03,9.03,9.01,9.06,8.99,9.04,35534153,320520904.31,12525,0.0021,0.9697020054,152938626888,155220519056,0.0011,6.8298,6.2448,0.7472,1,9.02
101,000001.XSHE,000001,平安银行,XSHE,2017-06-07,9.04,9.04,9.02,9.15,9.01,9.13,64572325,587357671.16,15362,0.0038,0.9697020054,154461245961,156765856082,0.01,6.8978,6.307,0.7546,1,9.096
102,000001.XSHE,000001,平安银行,XSHE,2017-06-08,9.13,9.13,9.11,9.15,9.08,9.13,38300448,348860774.3,12338,0.0023,0.9697020054,154461245961,156765856082,0.0,6.8978,6.307,0.7546,1,9.109
103,000001.XSHE,000001,平安银行,XSHE,2017-06-09,9.13,9.13,9.15,9.22,9.12,9.15,68546808,628281688.31,23511,0.0041,0.9697020054,154799605755,157109264310,0.0022,6.9129,6.3208,0.7563,1,9.166
104,000001.XSHE,000001,平安银行,XSHE,2017-06-12,9.15,9.15,9.15,9.19,9.1,9.11,50457816,461493689.83,14651,0.003,0.9697020054,154122886167,156422447854,-0.0044,6.8827,6.2931,0.753,1,9.146
105,000001.XSHE,000001,平安银行,XSHE,2017-06-13,9.11,9.11,9.11,9.14,9.05,9.12,44843497,407876695.89,12286,0.0027,0.9697020054,154292066064,156594151968,0.0011,6.8902,6.3001,0.7538,1,9.096
106,000001.XSHE,000001,平安银行,XSHE,2017-06-14,9.12,9.12,9.12,9.13,9.04,9.08,37544431,340596135.74,15620,0.0022,0.9697020054,153615346476,155907335512,-0.0044,6.86,6.2724,0.7505,1,9.072
107,000001.XSHE,000001,平安银行,XSHE,2017-06-15,9.08,9.08,9.08,9.08,9.03,9.04,33779789,305610500.17,11263,0.002,0.9697020054,152938626888,155220519056,-0.0044,6.8298,6.2448,0.7472,1,9.047
108,000001.XSHE,000001,平安银行,XSHE,2017-06-16,9.04,9.04,9.04,9.08,9.01,9.02,28599104,258559005.29,10691,0.0017,0.9697020054,152600267094,154877110828,-0.0022,6.8147,6.231,0.7455,1,9.041
109,000001.XSHE,000001,平安银行,XSHE,2017-06-19,9.02,9.02,9.03,9.15,9.02,9.13,48970481,446000772.99,15026,0.0029,0.9697020054,154461245961,156765856082,0.0122,6.8978,6.307,0.7546,1,9.108
110,000001.XSHE,000001,平安银行,XSHE,2017-06-20,9.13,9.13,9.12,9.16,9.09,9.12,31361560,286053883.71,10317,0.0019,0.9697020054,154292066064,156594151968,-0.0011,6.8902,6.3001,0.7538,1,9.121
111,000001.XSHE,000001,平安银行,XSHE,2017-06-21,9.12,9.12,9.17,9.18,9.11,9.15,49693219,454488888.04,13073,0.0029,0.9697020054,154799605755,157109264310,0.0033,6.9129,6.3208,0.7563,1,9.146
112,000001.XSHE,000001,平安银行,XSHE,2017-06-22,9.15,9.15,9.15,9.4,9.14,9.25,142695815,1325210564.64,47875,0.0084,0.9697020054,156491404725,158826305450,0.0109,6.9884,6.3899,0.7645,1,9.287
113,000001.XSHE,000001,平安银行,XSHE,2017-06-23,9.25,9.25,9.23,9.27,9.16,9.25,58400441,538303574.27,18471,0.0035,0.9697020054,156491404725,158826305450,0.0,6.9884,6.3899,0.7645,1,9.217
114,000001.XSHE,000001,平安银行,XSHE,2017-06-26,9.25,9.25,9.26,9.4,9.26,9.3,71076995,663762850.04,20403,0.0042,0.9697020054,157337304210,159684826020,0.0054,7.0262,6.4244,0.7687,1,9.339
115,000001.XSHE,000001,平安银行,XSHE,2017-06-27,9.3,9.3,9.3,9.39,9.27,9.36,54601613,509162008.98,16798,0.0032,0.9697020054,158352383592,160715050704,0.0065,7.0715,6.4658,0.7736,1,9.325
116,000001.XSHE,000001,平安银行,XSHE,2017-06-28,9.36,9.36,9.35,9.49,9.33,9.43,116879622,1102438099.9,30097,0.0069,0.9697020054,159536642871,161916979502,0.0075,7.1244,6.5142,0.7794,1,9.432
117,000001.XSHE,000001,平安银行,XSHE,2017-06-29,9.43,9.43,9.43,9.45,9.37,9.43,48880457,459810415.62,14410,0.0029,0.9697020054,159536642871,161916979502,0.0,7.1244,6.5142,0.7794,1,9.407
118,000001.XSHE,000001,平安银行,XSHE,2017-06-30,9.43,9.43,9.4,9.43,9.31,9.39,49963349,468003516.72,15258,0.003,0.9697020054,158859923283,161230163046,-0.0042,7.0942,6.4866,0.7761,1,9.367
119,000001.XSHE,000001,平安银行,XSHE,2017-07-03,9.39,9.39,9.4,9.43,9.34,9.4,38834937,364465847.32,12212,0.0023,0.9697020054,159029103180,161401867160,0.0011,7.1018,6.4935,0.7769,1,9.385
120,000001.XSHE,000001,平安银行,XSHE,2017-07-04,9.4,9.4,9.4,9.41,9.3,9.34,48836253,456577021.25,14553,0.0029,0.9697020054,158014023798,160371642476,-0.0064,7.0564,6.452,0.772,1,9.349
121,000001.XSHE,000001,平安银行,XSHE,2017-07-05,9.34,9.34,9.29,9.38,9.27,9.37,56772000,529294114.24,17541,0.0034,0.9697020054,158521563489,160886754818,0.0032,7.0791,6.4728,0.7745,1,9.323
122,000001.XSHE,000001,平安银行,XSHE,2017-07-06,9.37,9.37,9.36,9.41,9.31,9.4,73891186,691387184.15,16581,0.0044,0.9697020054,159029103180,161401867160,0.0032,7.1018,6.4935,0.7769,1,9.357
123,000001.XSHE,000001,平安银行,XSHE,2017-07-07,9.4,9.4,9.37,9.48,9.34,9.47,76036958,717084352.18,17171,0.0045,0.9697020054,160213362459,162603795958,0.0074,7.1547,6.5418,0.7827,1,9.431
124,000001.XSHE,000001,平安银行,XSHE,2017-07-10,9.47,9.47,9.45,9.66,9.44,9.59,136081591,1303090005.36,36656,0.008,0.9697020054,162243521223,164664245326,0.0127,7.2453,6.6247,0.7926,1,9.576
125,000001.XSHE,000001,平安银行,XSHE,2017-07-11,9.59,9.59,9.61,10.46,9.61,10.25,381208660,3842010171.29,115931,0.0225,0.9697020054,173409394425,175996716850,0.0688,7.7439,7.0807,0.8472,1,10.078
126,000001.XSHE,000001,平安银行,XSHE,2017-07-12,10.25,10.25,10.27,10.58,10.2,10.34,299884401,3113681338.88,82912,0.0177,0.9697020054,174932013498,177542053876,0.0088,7.8119,7.1428,0.8546,1,10.383
127,000001.XSHE,000001,平安银行,XSHE,2017-07-13,10.34,10.34,10.3,10.9,10.24,10.9,299453432,3180144566.46,86481,0.0177,0.9697020054,184406087730,187157484260,0.0542,8.235,7.5297,0.9009,1,10.62
128,000001.XSHE,000001,平安银行,XSHE,2017-07-14,10.9,10.9,10.81,10.94,10.66,10.9,172257026,1864449201.5,53498,0.0102,0.9697020054,184406087730,187157484260,0.0,8.235,7.5297,0.9009,1,10.824
129,000001.XSHE,000001,平安银行,XSHE,2017-07-17,10.9,10.9,10.95,11.33,10.72,10.81,327312315,3608692279.05,104402,0.0193,0.9697020054,182883468657,185612147234,-0.0083,8.167,7.4675,0.8935,1,11.025
130,000001.XSHE,000001,平安银行,XSHE,2017-07-18,10.81,10.81,10.75,11.14,10.62,11.05,234943191,2558433986.13,67712,0.0139,0.9697020054,186943786185,189733045970,0.0222,8.3484,7.6333,0.9133,1,10.89
131,000001.XSHE,000001,平安银行,XSHE,2017-07-19,11.05,11.05,10.99,11.19,10.88,11.09,193307592,2131336294.18,49478,0.0114,0.9697020054,187620505773,190419862426,0.0036,8.3786,7.6609,0.9166,1,11.026
132,000001.XSHE,000001,平安银行,XSHE,2017-07-20,11.09,11.09,11.08,11.22,10.91,10.97,153733858,1695060974.17,38041,0.0091,0.9697020054,185590347009,188359413058,-0.0108,8.2879,7.578,0.9067,1,11.026
133,000001.XSHE,000001,平安银行,XSHE,2017-07-21,10.81,10.97,10.83,10.95,10.69,10.89,150102000,1625416436.89,39986,0.0089,0.9840546846,184236907833,186985780146,0.0074,8.2275,7.5228,0.9001,1,10.829
134,000001.XSHE,000001,平安银行,XSHE,2017-07-24,10.89,10.89,10.82,11.06,10.73,10.95,169266444,1846886678.93,37247,0.01,0.9840546846,185251987215,188016004830,0.0055,8.2728,7.5642,0.9051,1,10.911
135,000001.XSHE,000001,平安银行,XSHE,2017-07-25,10.95,10.95,10.98,11.27,10.95,11.0,195476835,2172114597.09,56409,0.0116,0.9840546846,186097886700,188874525400,0.0046,8.3106,7.5987,0.9092,1,11.112
136,000001.XSHE,000001,平安银行,XSHE,2017-07-26,11.0,11.0,10.92,11.18,10.66,10.74,169741211,1846282151.77,57305,0.01,0.9840546846,181699209378,184410218436,-0.0236,8.1141,7.4191,0.8877,1,10.877
137,000001.XSHE,000001,平安银行,XSHE,2017-07-27,10.74,10.74,10.72,10.77,10.53,10.59,119449040,1273888886.18,36931,0.0071,0.9840546846,179161510923,181834656726,-0.014,8.0008,7.3155,0.8753,1,10.665
138,000001.XSHE,000001,平安银行,XSHE,2017-07-28,10.59,10.59,10.61,10.81,10.58,10.74,81919535,877769279.49,25172,0.0048,0.9840546846,181699209378,184410218436,0.0142,8.1141,7.4191,0.8877,1,10.715
139,000001.XSHE,000001,平安银行,XSHE,2017-07-31,10.74,10.74,10.8,10.82,10.45,10.67,157586439,1671814035.24,38855,0.0093,0.9840546846,180514950099,183208289638,-0.0065,8.0613,7.3708,0.8819,1,10.609
140,000001.XSHE,000001,平安银行,XSHE,2017-08-01,10.67,10.67,10.64,11.08,10.6,11.04,203570991,2222887933.96,50598,0.012,0.9840546846,186774606288,189561341856,0.0347,8.3408,7.6264,0.9125,1,10.919
141,000001.XSHE,000001,平安银行,XSHE,2017-08-02,11.04,11.04,11.05,11.34,10.96,11.15,206206907,2307726682.94,59297,0.0122,0.9840546846,188635585155,191450087110,0.01,8.4239,7.7024,0.9216,1,11.191
142,000001.XSHE,000001,平安银行,XSHE,2017-08-03,11.15,11.15,11.14,11.22,10.97,11.01,98421938,1090954131.84,29151,0.0058,0.9840546846,186267066597,189046229514,-0.0126,8.3181,7.6057,0.91,1,11.084
143,000001.XSHE,000001,平安银行,XSHE,2017-08-04,11.01,11.01,11.0,11.29,10.93,11.17,135395156,1511389828.31,35304,0.008,0.9840546846,188973944949,191793495338,0.0145,8.439,7.7162,0.9232,1,11.163
144,000001.XSHE,000001,平安银行,XSHE,2017-08-07,11.17,11.17,11.06,11.17,10.9,11.0,86064427,946975699.56,24296,0.0051,0.9840546846,186097886700,188874525400,-0.0152,8.3106,7.5987,0.9092,1,11.003
145,000001.XSHE,000001,平安银行,XSHE,2017-08-08,11.0,11.0,11.0,11.11,10.91,11.05,68956744,758872028.53,18948,0.0041,0.9840546846,186943786185,189733045970,0.0045,8.3484,7.6333,0.9133,1,11.005
146,000001.XSHE,000001,平安银行,XSHE,2017-08-09,11.05,11.05,10.96,11.02,10.68,10.73,104232181,1126512107.82,38868,0.0062,0.9840546846,181530029481,184238514322,-0.029,8.0591,7.3378,0.8713,1,10.808
147,000001.XSHE,000001,平安银行,XSHE,2017-08-10,10.73,10.73,10.7,10.82,10.54,10.62,95987996,1026676005.5,32285,0.0057,0.9840546846,179669050614,182349769068,-0.0103,7.9765,7.2626,0.8624,1,10.696
148,000001.XSHE,000001,平安银行,XSHE,2017-08-11,10.62,10.62,10.48,10.54,9.99,10.02,244064335,2501779371.25,69830,0.0144,0.9840546846,169518256794,172047522228,-0.0565,7.5258,6.8523,0.8136,1,10.25
149,000001.XSHE,000001,平安银行,XSHE,2017-08-14,10.02,10.02,10.13,10.25,10.04,10.22,115766464,1175479138.54,33540,0.0068,0.9840546846,172901854734,175481604508,0.02,7.676,6.9891,0.8299,1,10.154
150,000001.XSHE,000001,平安银行,XSHE,2017-08-15,10.22,10.22,10.24,10.51,10.21,10.31,107516235,1116749994.49,32452,0.0064,0.9840546846,174424473807,177026941534,0.0088,7.7436,7.0506,0.8372,1,10.387
151,000001.XSHE,000001,平安银行,XSHE,2017-08-16,10.31,10.31,10.29,10.37,10.15,10.34,75680602,778517621.68,20907,0.0045,0.9840546846,174932013498,177542053876,0.0029,7.7662,7.0711,0.8396,1,10.287
152,000001.XSHE,000001,平安银行,XSHE,2017-08-17,10.34,10.34,10.35,10.42,10.29,10.42,55364211,573093949.61,16757,0.0033,0.9840546846,176285452674,178915686788,0.0077,7.8262,7.1258,0.8461,1,10.351
153,000001.XSHE,000001,平安银行,XSHE,2017-08-18,10.42,10.42,10.36,10.6,10.29,10.44,61652041,643188717.21,23736,0.0036,0.9840546846,176623812468,179259095016,0.0019,7.8413,7.1395,0.8477,1,10.433
154,000001.XSHE,000001,平安银行,XSHE,2017-08-21,10.44,10.44,10.43,10.52,10.39,10.46,39915487,417653110.85,15517,0.0024,0.9840546846,176962172262,179602503244,0.0019,7.8563,7.1532,0.8494,1,10.463
155,000001.XSHE,000001,平安银行,XSHE,2017-08-22,10.46,10.46,10.48,10.66,10.37,10.65,87568181,922881865.79,29332,0.0052,0.9840546846,180176590305,182864881410,0.0182,7.999,7.2831,0.8648,1,10.539
156,000001.XSHE,000001,平安银行,XSHE,2017-08-23,10.65,10.65,10.63,10.98,10.59,10.9,131915190,1430051908.04,41539,0.0078,0.9840546846,184406087730,187157484260,0.0235,8.1868,7.4541,0.8851,1,10.841
157,000001.XSHE,000001,平安银行,XSHE,2017-08-24,10.9,10.9,10.89,11.11,10.84,10.93,92424863,1014933651.98,34012,0.0055,0.9840546846,184913627421,187672596602,0.0028,8.2093,7.4746,0.8875,1,10.981
158,000001.XSHE,000001,平安银行,XSHE,2017-08-25,10.93,10.93,10.94,11.17,10.9,11.11,96394000,1068994547.06,33186,0.0057,0.9840546846,187958865567,190763270654,0.0165,8.3445,7.5977,0.9022,1,11.09
159,000001.XSHE,000001,平安银行,XSHE,2017-08-28,11.11,11.11,11.1,11.54,11.1,11.35,160393832,1828380086.0,55325,0.0095,0.9840546846,192019183095,194884169390,0.0216,8.5247,7.7618,0.9216,1,11.399
160,000001.XSHE,000001,平安银行,XSHE,2017-08-29,11.35,11.35,11.3,11.74,11.28,11.67,135798373,1569230034.16,49124,0.008,0.9840546846,197432939799,200378701038,0.0282,8.7651,7.9807,0.9476,1,11.556
161,000001.XSHE,000001,平安银行,XSHE,2017-08-30,11.67,11.67,11.68,11.7,11.35,11.43,109667476,1264128140.68,33554,0.0065,0.9840546846,193372622271,196257802302,-0.0206,8.5848,7.8165,0.9281,1,11.527
162,000001.XSHE,000001,平安银行,XSHE,2017-08-31,11.43,11.43,11.39,11.44,11.15,11.28,115178646,1297730595.72,33551,0.0068,0.9840546846,190834923816,193682240592,-0.0131,8.4722,7.714,0.916,1,11.267
163,000001.XSHE,000001,平安银行,XSHE,2017-09-01,11.28,11.28,11.28,11.39,11.15,11.21,95997689,1080996319.27,27858,0.0057,0.9840546846,189650664537,192480311794,-0.0062,8.4196,7.6661,0.9103,1,11.261
164,000001.XSHE,000001,平安银行,XSHE,2017-09-04,11.21,11.21,11.18,11.72,11.17,11.72,135232557,1551875033.9,42731,0.008,0.9840546846,198278839284,201237221608,0.0455,8.8026,8.0149,0.9517,1,11.476
165,000001.XSHE,000001,平安银行,XSHE,2017-09-05,11.72,11.72,11.68,11.94,11.6,11.64,128751876,1513759541.19,42570,0.0076,0.9840546846,196925400108,199863588696,-0.0068,8.7426,7.9602,0.9452,1,11.757
166,000001.XSHE,000001,平安银行,XSHE,2017-09-06,11.64,11.64,11.59,11.88,11.48,11.7,79162155,925519043.82,27507,0.0047,0.9840546846,197940479490,200893813380,0.0052,8.7876,8.0012,0.9501,1,11.691
167,000001.XSHE,000001,平安银行,XSHE,2017-09-07,11.7,11.7,11.65,11.75,11.39,11.44,61418724,711036421.43,24858,0.0036,0.9840546846,193541802168,196429506416,-0.0222,8.5923,7.8234,0.9289,1,11.577
168,000001.XSHE,000001,平安银行,XSHE,2017-09-08,11.44,11.44,11.46,11.64,11.38,11.49,48127615,553644520.36,21817,0.0028,0.9840546846,194387701653,197288026986,0.0044,8.6299,7.8576,0.933,1,11.504
169,000001.XSHE,000001,平安银行,XSHE,2017-09-11,11.49,11.49,11.54,11.69,11.3,11.38,69947275,801825014.63,24309,0.0041,0.9840546846,192526722786,195399281732,-0.0096,8.5473,7.7824,0.9241,1,11.463
170,000001.XSHE,000001,平安银行,XSHE,2017-09-12,11.38,11.38,11.38,11.54,11.27,11.54,84618342,962032172.14,26003,0.005,0.9840546846,195233601138,198146547556,0.0141,8.6674,7.8918,0.9371,1,11.369
171,000001.XSHE,000001,平安银行,XSHE,2017-09-13,11.54,11.54,11.49,11.54,11.34,11.43,66823742,765028184.64,14650,0.0039,0.9840546846,193372622271,196257802302,-0.0095,8.5848,7.8165,0.9281,1,11.448
172,000001.XSHE,000001,平安银行,XSHE,2017-09-14,11.43,11.43,11.43,11.59,11.24,11.32,88308777,1005775578.24,23141,0.0052,0.9840546846,191511643404,194369057048,-0.0096,8.5022,7.7413,0.9192,1,11.389
173,000001.XSHE,000001,平安银行,XSHE,2017-09-15,11.32,11.32,11.29,11.32,11.15,11.29,64609481,726061100.45,21207,0.0038,0.9840546846,191004103713,193853944706,-0.0027,8.4797,7.7208,0.9168,1,11.238
174,000001.XSHE,000001,平安银行,XSHE,2017-09-18,11.29,11.29,11.25,11.32,11.2,11.25,60761296,684223023.19,17592,0.0036,0.9840546846,190327384125,193167128250,-0.0035,8.4496,7.6934,0.9135,1,11.261
175,000001.XSHE,000001,平安银行,XSHE,2017-09-19,11.25,11.25,11.25,11.34,11.08,11.13,76421262,853815999.65,26241,0.0045,0.9840546846,188297225361,191106678882,-0.0107,8.3595,7.6114,0.9038,1,11.172
176,000001.XSHE,000001,平安银行,XSHE,2017-09-20,11.13,11.13,11.14,11.37,11.05,11.29,78715469,884640964.21,24141,0.0047,0.9840546846,191004103713,193853944706,0.0144,8.4797,7.7208,0.9168,1,11.238
177,000001.XSHE,000001,平安银行,XSHE,2017-09-21,11.29,11.29,11.26,11.51,11.2,11.46,69240793,788605300.87,23926,0.0041,0.9840546846,193880161962,196772914644,0.0151,8.6074,7.8371,0.9306,1,11.389
178,000001.XSHE,000001,平安银行,XSHE,2017-09-22,11.46,11.46,11.43,11.52,11.31,11.44,59392762,677622489.51,18157,0.0035,0.9840546846,193541802168,196429506416,-0.0017,8.5923,7.8234,0.9289,1,11.409
179,000001.XSHE,000001,平安银行,XSHE,2017-09-25,11.44,11.44,11.44,11.45,11.18,11.29,53239104,602270302.75,16450,0.0031,0.9840546846,191004103713,193853944706,-0.0131,8.4797,7.7208,0.9168,1,11.313
180,000001.XSHE,000001,平安银行,XSHE,2017-09-26,11.29,11.29,11.26,11.3,10.96,11.05,96746090,1074228193.8,30956,0.0057,0.9840546846,186943786185,189733045970,-0.0213,8.2994,7.5567,0.8973,1,11.104
181,000001.XSHE,000001,平安银行,XSHE,2017-09-27,11.05,11.05,11.01,11.08,10.9,10.93,72718820,798377280.05,28341,0.0043,0.9840546846,184913627421,187672596602,-0.0109,8.2093,7.4746,0.8875,1,10.979
182,000001.XSHE,000001,平安银行,XSHE,2017-09-28,10.93,10.93,10.98,10.98,10.82,10.88,51722002,563485127.39,22149,0.0031,0.9840546846,184067727936,186814076032,-0.0046,8.1717,7.4404,0.8835,1,10.894
183,000001.XSHE,000001,平安银行,XSHE,2017-09-29,10.88,10.88,10.92,11.16,10.86,11.11,68228010,753852534.72,22289,0.004,0.9840546846,187958865567,190763270654,0.0211,8.3445,7.5977,0.9022,1,11.049
184,000001.XSHE,000001,平安银行,XSHE,2017-10-09,11.11,11.11,11.57,11.64,11.26,11.3,132522731,1520609511.57,35235,0.0078,0.9840546846,191173283610,194025648820,0.0171,8.4872,7.7276,0.9176,1,11.474
185,000001.XSHE,000001,平安银行,XSHE,2017-10-10,11.3,11.3,11.33,11.5,11.33,11.47,74792530,853665849.11,19997,0.0044,0.9840546846,194049341859,196944618758,0.015,8.6149,7.8439,0.9314,1,11.414
186,000001.XSHE,000001,平安银行,XSHE,2017-10-11,11.47,11.47,11.48,11.58,11.34,11.53,65807758,756203405.4,21664,0.0039,0.9840546846,195064421241,197974843442,0.0052,8.6599,7.8849,0.9363,1,11.491
187,000001.XSHE,000001,平安银行,XSHE,2017-10-12,11.53,11.53,11.54,11.58,11.47,11.55,57806531,667148377.69,16315,0.0034,0.9840546846,195402781035,198318251670,0.0017,8.675,7.8986,0.9379,1,11.541
188,000001.XSHE,000001,平安银行,XSHE,2017-10-13,11.55,11.55,11.56,11.56,11.25,11.36,73737596,839662734.96,24736,0.0044,0.9840546846,192188362992,195055873504,-0.0165,8.5323,7.7687,0.9225,1,11.387
189,000001.XSHE,000001,平安银行,XSHE,2017-10-16,11.36,11.36,11.36,11.6,11.29,11.59,103625064,1190724204.76,32427,0.0061,0.9840546846,196079500623,199005068126,0.0202,8.705,7.926,0.9411,1,11.491
190,000001.XSHE,000001,平安银行,XSHE,2017-10-17,11.59,11.59,11.62,11.65,11.48,11.51,50637234,585333998.33,16794,0.003,0.9840546846,194726061447,197631435214,-0.0069,8.6449,7.8713,0.9346,1,11.559
191,000001.XSHE,000001,平安银行,XSHE,2017-10-18,11.51,11.51,11.53,11.7,11.51,11.69,87136536,1011050927.7,23940,0.0052,0.9840546846,197771299593,200722109266,0.0156,8.7801,7.9943,0.9492,1,11.603
192,000001.XSHE,000001,平安银行,XSHE,2017-10-19,11.69,11.69,11.64,11.72,11.57,11.63,72276482,841546799.4,20665,0.0043,0.9840546846,196756220211,199691884582,-0.0051,8.735,7.9533,0.9444,1,11.643
193,000001.XSHE,000001,平安银行,XSHE,2017-10-20,11.63,11.63,11.59,11.59,11.41,11.48,46180808,529747048.16,16027,0.0027,0.9840546846,194218521756,197116322872,-0.0129,8.6224,7.8507,0.9322,1,11.471
194,000001.XSHE,000001,平安银行,XSHE,2017-10-23,11.48,11.48,11.39,11.4,11.15,11.19,107446502,1206888281.81,39799,0.0064,0.9840546846,189312304743,192136903566,-0.0253,8.3418,7.5238,0.8809,1,11.232
195,000001.XSHE,000001,平安银行,XSHE,2017-10-24,11.19,11.19,11.2,11.42,11.18,11.39,61887194,700896871.75,21816,0.0037,0.9840546846,192695902683,195570985846,0.0179,8.4909,7.6582,0.8967,1,11.325
196,000001.XSHE,000001,平安银行,XSHE,2017-10-25,11.39,11.39,11.36,11.37,11.25,11.27,41857360,472708177.86,17815,0.0025,0.9840546846,190665743919,193510536478,-0.0105,8.4014,7.5776,0.8872,1,11.293
197,000001.XSHE,000001,平安银行,XSHE,2017-10-26,11.27,11.27,11.25,11.32,11.12,11.18,92899607,1041707022.88,32162,0.0055,0.9840546846,189143124846,191965199452,-0.008,8.3344,7.517,0.8801,1,11.213
198,000001.XSHE,000001,平安银行,XSHE,2017-10-27,11.18,11.18,11.19,11.56,11.18,11.56,136008642,1548543731.64,41120,0.008,0.9840546846,195571960932,198489955784,0.034,8.6176,7.7725,0.91,1,11.386
199,000001.XSHE,000001,平安银行,XSHE,2017-10-30,11.56,11.56,11.55,11.73,11.45,11.56,127824694,1484495472.54,36107,0.0076,0.9840546846,195571960932,198489955784,0.0,8.6176,7.7725,0.91,1,11.614
200,000001.XSHE,000001,平安银行,XSHE,2017-10-31,11.56,11.56,11.55,11.58,11.39,11.54,62749138,721237474.23,18717,0.0037,0.9840546846,195233601138,198146547556,-0.0017,8.6027,7.7591,0.9085,1,11.494
201,000001.XSHE,000001,平安银行,XSHE,2017-11-01,11.54,11.54,11.56,11.59,11.32,11.4,69261790,792881042.82,23512,0.0041,0.9840546846,192865082580,195742689960,-0.0121,8.4984,7.665,0.8974,1,11.448
202,000001.XSHE,000001,平安银行,XSHE,2017-11-02,11.4,11.4,11.36,11.58,11.26,11.54,60430848,689229873.86,20251,0.0036,0.9840546846,195233601138,198146547556,0.0123,8.6027,7.7591,0.9085,1,11.405
203,000001.XSHE,000001,平安银行,XSHE,2017-11-03,11.54,11.54,11.49,11.68,11.35,11.39,74334322,852032107.89,27288,0.0044,0.9840546846,192695902683,195570985846,-0.013,8.4909,7.6582,0.8967,1,11.462
204,000001.XSHE,000001,平安银行,XSHE,2017-11-06,11.39,11.39,11.42,11.42,11.09,11.28,102990281,1157303985.6,32943,0.0061,0.9840546846,190834923816,193682240592,-0.0097,8.4089,7.5843,0.888,1,11.237
205,000001.XSHE,000001,平安银行,XSHE,2017-11-07,11.28,11.28,11.27,12.09,11.25,11.92,247716326,2914269160.44,72208,0.0146,0.9840546846,201662437224,204671303888,0.0567,8.886,8.0146,0.9384,1,11.765
206,000001.XSHE,000001,平安银行,XSHE,2017-11-08,11.92,11.92,12.0,12.59,11.93,12.13,426282573,5199224276.82,93646,0.0252,0.9840546846,205215215061,208277090282,0.0176,9.0426,8.1558,0.9549,1,12.197
207,000001.XSHE,000001,平安银行,XSHE,2017-11-09,12.13,12.13,12.2,12.57,12.15,12.33,229528934,2839861735.04,58190,0.0136,0.9840546846,208598813001,211711172562,0.0165,9.1916,8.2903,0.9707,1,12.373
208,000001.XSHE,000001,平安银行,XSHE,2017-11-10,12.33,12.33,12.37,12.55,12.15,12.3,175755227,2167126597.89,48916,0.0104,0.9840546846,208091273310,211196060220,-0.0024,9.1693,8.2701,0.9683,1,12.33
209,000001.XSHE,000001,平安银行,XSHE,2017-11-13,12.3,12.3,12.35,13.1,12.35,12.9,256690623,3307955288.74,79230,0.0152,0.9840546846,218242067130,221498307060,0.0488,9.6166,8.6735,1.0155,1,12.887
210,000001.XSHE,000001,平安银行,XSHE,2017-11-14,12.9,12.9,12.95,13.26,12.81,12.95,178030247,2318092534.32,55920,0.0105,0.9840546846,219087966615,222356827630,0.0039,9.6538,8.7071,1.0195,1,13.021
211,000001.XSHE,000001,平安银行,XSHE,2017-11-15,12.95,12.95,12.9,13.13,12.77,12.9,126305227,1627912725.03,38358,0.0075,0.9840546846,218242067130,221498307060,-0.0039,9.6166,8.6735,1.0155,1,12.889
212,000001.XSHE,000001,平安银行,XSHE,2017-11-16,12.9,12.9,12.9,13.12,12.67,13.1,120081480,1550701791.1,40261,0.0071,0.9840546846,221625665070,224932389340,0.0155,9.7657,8.808,1.0313,1,12.914
213,000001.XSHE,000001,平安银行,XSHE,2017-11-17,13.1,13.1,13.17,13.46,13.03,13.18,206414972,2731215933.75,57349,0.0122,0.9840546846,222979104246,226306022252,0.0061,9.8253,8.8618,1.0376,1,13.232
214,000001.XSHE,000001,平安银行,XSHE,2017-11-20,13.18,13.18,13.13,14.25,13.05,14.25,284392582,3860145472.82,89294,0.0168,0.9840546846,241081353225,244678362450,0.0812,10.6229,9.5812,1.1218,1,13.573
215,000001.XSHE,000001,平安银行,XSHE,2017-11-21,14.25,14.25,14.07,14.79,14.01,14.45,249532781,3609849024.92,96924,0.0147,0.9840546846,244464951165,248112444730,0.014,10.772,9.7157,1.1376,1,14.466
216,000001.XSHE,000001,平安银行,XSHE,2017-11-22,14.45,14.45,14.48,15.24,14.48,15.1,257023146,3839501153.96,102893,0.0152,0.9840546846,255461644470,259273212140,0.045,11.2566,10.1527,1.1887,1,14.938
217,000001.XSHE,000001,平安银行,XSHE,2017-11-23,15.1,15.1,15.15,15.24,14.07,14.35,242914214,3562843399.78,105767,0.0144,0.9840546846,242773152195,246395403590,-0.0497,10.6975,9.6484,1.1297,1,14.667
218,000001.XSHE,000001,平安银行,XSHE,2017-11-24,14.35,14.35,14.29,14.59,13.78,14.56,263018967,3732597275.58,87765,0.0155,0.9840546846,246325930032,250001189984,0.0146,10.854,9.7896,1.1462,1,14.191
219,000001.XSHE,000001,平安银行,XSHE,2017-11-27,14.56,14.56,14.3,14.3,13.75,13.93,206408533,2878491901.47,66784,0.0122,0.9840546846,235667596521,239183830802,-0.0433,10.3844,9.366,1.0966,1,13.946
220,000001.XSHE,000001,平安银行,XSHE,2017-11-28,13.93,13.93,13.85,13.85,13.4,13.7,176643250,2396540133.1,60296,0.0104,0.9840546846,231776458890,235234636180,-0.0165,10.2129,9.2114,1.0785,1,13.567
221,000001.XSHE,000001,平安银行,XSHE,2017-11-29,13.7,13.7,13.73,13.93,13.47,13.82,156409493,2148312654.99,55499,0.0092,0.9840546846,233806617654,237295085548,0.0088,10.3024,9.2921,1.088,1,13.735
222,000001.XSHE,000001,平安银行,XSHE,2017-11-30,13.82,13.82,13.7,13.73,13.26,13.38,137963571,1866700884.59,53124,0.0082,0.9840546846,226362702186,229740104532,-0.0318,9.9744,8.9962,1.0533,1,13.53
223,000001.XSHE,000001,平安银行,XSHE,2017-12-01,13.38,13.38,13.4,13.48,12.96,13.0,178493315,2354299656.82,65892,0.0106,0.9840546846,219933866100,223215348200,-0.0284,9.6911,8.7407,1.0234,1,13.19
224,000001.XSHE,000001,平安银行,XSHE,2017-12-04,13.0,13.0,13.05,13.37,13.0,13.3,145402345,1923315712.98,46740,0.0086,0.9840546846,225009263010,228366471620,0.0231,9.9148,8.9425,1.047,1,13.228
225,000001.XSHE,000001,平安银行,XSHE,2017-12-05,13.3,13.3,13.15,13.49,13.1,13.3,172368132,2301867653.62,45754,0.0102,0.9840546846,225009263010,228366471620,0.0,9.9148,8.9425,1.047,1,13.354
226,000001.XSHE,000001,平安银行,XSHE,2017-12-06,13.3,13.3,13.26,13.27,12.79,13.08,161984496,2104168537.1,56546,0.0096,0.9840546846,221287305276,224588981112,-0.0165,9.7507,8.7945,1.0297,1,12.99
227,000001.XSHE,000001,平安银行,XSHE,2017-12-07,13.08,13.08,13.05,13.14,12.75,12.83,118195784,1526953344.35,41963,0.007,0.9840546846,217057807851,220296378262,-0.0191,9.5644,8.6264,1.01,1,12.919
228,000001.XSHE,000001,平安银行,XSHE,2017-12-08,12.83,12.83,12.89,13.09,12.75,13.09,135131504,1751423112.52,42222,0.008,0.9840546846,221456485173,224760685226,0.0203,9.7582,8.8013,1.0305,1,12.961
229,000001.XSHE,000001,平安银行,XSHE,2017-12-11,13.09,13.09,13.08,13.57,12.88,13.5,226195273,2980735572.46,64880,0.0134,0.9840546846,228392860950,231800553900,0.0313,10.0638,9.0769,1.0628,1,13.178
230,000001.XSHE,000001,平安银行,XSHE,2017-12-12,13.5,13.5,13.4,13.48,13.02,13.02,174340579,2302354901.5,58324,0.0103,0.9840546846,220272225894,223558756428,-0.0356,9.706,8.7542,1.025,1,13.206
231,000001.XSHE,000001,平安银行,XSHE,2017-12-13,13.02,13.02,13.0,13.2,12.88,13.13,128924811,1679022035.87,40462,0.0076,0.9840546846,222133204761,225447501682,0.0084,9.788,8.8282,1.0336,1,13.023
232,000001.XSHE,000001,平安银行,XSHE,2017-12-14,13.13,13.13,13.15,13.31,12.91,13.0,100199798,1311131917.66,39750,0.0059,0.9840546846,219933866100,223215348200,-0.0099,9.6911,8.7407,1.0234,1,13.085
233,000001.XSHE,000001,平安银行,XSHE,2017-12-15,13.0,13.0,12.9,12.93,12.67,12.72,109995250,1405372004.04,43637,0.0065,0.9840546846,215196828984,218407633008,-0.0215,9.4824,8.5525,1.0014,1,12.777
234,000001.XSHE,000001,平安银行,XSHE,2017-12-18,12.72,12.72,12.73,12.91,12.64,12.75,80546452,1029422753.28,30925,0.0048,0.9840546846,215704368675,218922745350,0.0024,9.5047,8.5727,1.0037,1,12.78
235,000001.XSHE,000001,平安银行,XSHE,2017-12-19,12.75,12.75,12.79,13.32,12.74,13.28,239794295,3138687565.9,68692,0.0142,0.9840546846,224670903216,228023063392,0.0416,9.8998,8.929,1.0454,1,13.089
236,000001.XSHE,000001,平安银行,XSHE,2017-12-20,13.28,13.28,13.2,13.31,13.13,13.26,110624507,1463802116.67,48239,0.0065,0.9840546846,224332543422,227679655164,-0.0015,9.8849,8.9156,1.0439,1,13.232
237,000001.XSHE,000001,平安银行,XSHE,2017-12-21,13.26,13.26,13.18,13.68,13.16,13.54,148520344,2005617683.86,66292,0.0088,0.9840546846,229069580538,232487370356,0.0211,10.0937,9.1038,1.0659,1,13.504
238,000001.XSHE,000001,平安银行,XSHE,2017-12-22,13.54,13.54,13.5,13.63,13.45,13.52,74290095,1004525768.54,29475,0.0044,0.9840546846,228731220744,232143962128,-0.0015,10.0788,9.0904,1.0643,1,13.522
239,000001.XSHE,000001,平安银行,XSHE,2017-12-25,13.52,13.52,13.52,13.86,13.16,13.25,158556718,2145040658.23,54210,0.0094,0.9840546846,224163363525,227507951050,-0.02,9.8775,8.9088,1.0431,1,13.529
240,000001.XSHE,000001,平安银行,XSHE,2017-12-26,13.25,13.25,13.26,13.69,13.19,13.66,112368845,1510826264.44,45007,0.0066,0.9840546846,231099739302,234547819724,0.0309,10.1831,9.1845,1.0754,1,13.445
241,000001.XSHE,000001,平安银行,XSHE,2017-12-27,13.66,13.66,13.58,13.78,13.19,13.29,136656673,1848165006.46,48616,0.0081,0.9840546846,224840083113,228194767506,-0.0271,9.9073,8.9357,1.0462,1,13.524
242,000001.XSHE,000001,平安银行,XSHE,2017-12-28,13.29,13.29,13.28,13.46,13.02,13.21,155303047,2052944539.14,43695,0.0092,0.9840546846,223486643937,226821134594,-0.006,9.8477,8.8819,1.0399,1,13.219
243,000001.XSHE,000001,平安银行,XSHE,2017-12-29,13.21,13.21,13.21,13.43,13.1,13.3,98291553,1303222040.36,34450,0.0058,0.9840546846,225009263010,228366471620,0.0068,9.9148,8.9425,1.047,1,13.259
244,000001.XSHE,000001,平安银行,XSHE,2018-01-02,13.3,13.3,13.35,13.93,13.32,13.7,208159255,2856543822.18,76777,0.0123,0.9840546846,231776458890,235234636180,0.0301,10.2129,9.2114,1.0785,1,13.723
245,000001.XSHE,000001,平安银行,XSHE,2018-01-03,13.7,13.7,13.73,13.86,13.2,13.33,296249838,4006220766.94,99413,0.0175,0.9840546846,225516802701,228881583962,-0.027,9.9371,8.9626,1.0494,1,13.523
246,000001.XSHE,000001,平安银行,XSHE,2018-01-04,13.33,13.33,13.32,13.37,13.13,13.25,185450948,2454543516.41,64053,0.011,0.9840546846,224163363525,227507951050,-0.006,9.8775,8.9088,1.0431,1,13.236
247,000001.XSHE,000001,平安银行,XSHE,2018-01-05,13.25,13.25,13.21,13.35,13.15,13.3,121031272,1603289517.93,42878,0.0072,0.9840546846,225009263010,228366471620,0.0038,9.9148,8.9425,1.047,1,13.247
248,000001.XSHE,000001,平安银行,XSHE,2018-01-08,13.3,13.3,13.25,13.29,12.86,12.96,215862081,2806099169.66,92661,0.0128,0.9840546846,219257146512,222528531744,-0.0256,9.6613,8.7139,1.0203,1,13.0
249,000001.XSHE,000001,平安银行,XSHE,2018-01-09,12.96,12.96,12.96,13.2,12.92,13.08,134434509,1754315792.47,50653,0.0079,0.9840546846,221287305276,224588981112,0.0093,9.7507,8.7945,1.0297,1,13.05
250,000001.XSHE,000001,平安银行,XSHE,2018-01-10,13.08,13.08,13.04,13.49,12.92,13.47,240327736,3196055830.91,94499,0.0142,0.9840546846,227885321259,231285441558,0.0298,10.0415,9.0568,1.0604,1,13.299
251,000001.XSHE,000001,平安银行,XSHE,2018-01-11,13.47,13.47,13.41,13.59,13.27,13.4,144387781,1937494294.07,51187,0.0085,0.9840546846,226701061980,230083512760,-0.0052,9.9893,9.0097,1.0549,1,13.419
252,000001.XSHE,000001,平安银行,XSHE,2018-01-12,13.4,13.4,13.45,13.68,13.41,13.55,135399140,1833435672.07,48659,0.008,0.9840546846,229238760435,232659074470,0.0112,10.1011,9.1105,1.0667,1,13.541
253,000001.XSHE,000001,平安银行,XSHE,2018-01-15,13.55,13.55,13.51,14.33,13.5,14.2,312239448,4376707088.52,122706,0.0185,0.9840546846,240235453740,243819841880,0.048,10.5857,9.5476,1.1179,1,14.017
254,000001.XSHE,000001,平安银行,XSHE,2018-01-16,14.2,14.2,14.17,14.38,14.02,14.2,244454900,3479177087.3,80151,0.0144,0.9840546846,240235453740,243819841880,0.0,10.5857,9.5476,1.1179,1,14.232
255,000001.XSHE,000001,平安银行,XSHE,2018-01-17,14.2,14.2,14.33,14.8,14.2,14.23,265629401,3849312882.21,96216,0.0157,0.9840546846,240742993431,244334954222,0.0021,10.608,9.5678,1.1202,1,14.491
256,000001.XSHE,000001,平安银行,XSHE,2018-01-18,14.23,14.23,14.4,14.72,14.28,14.72,214802680,3120455742.35,82390,0.0127,0.9840546846,249032808384,252748455808,0.0344,10.9733,9.8972,1.1588,1,14.527
257,000001.XSHE,000001,平安银行,XSHE,2018-01-19,14.72,14.72,14.8,15.13,14.68,14.8,257114669,3832857440.3,94284,0.0152,0.9840546846,250386247560,254122088720,0.0054,11.033,9.951,1.1651,1,14.907
258,000001.XSHE,000001,平安银行,XSHE,2018-01-22,14.8,14.8,14.6,14.94,14.43,14.44,207386714,3032799070.35,75591,0.0123,0.9840546846,244295771268,247940740616,-0.0243,10.7646,9.709,1.1368,1,14.624
259,000001.XSHE,000001,平安银行,XSHE,2018-01-23,14.44,14.44,14.36,14.9,14.33,14.65,238879170,3492462005.57,80064,0.0141,0.9840546846,247848549105,251546527010,0.0145,10.9211,9.8501,1.1533,1,14.62
260,000001.XSHE,000001,平安银行,XSHE,2018-01-24,14.65,14.65,14.66,15.08,14.5,14.64,259129212,3838734922.63,93315,0.0153,0.9840546846,247679369208,251374822896,-0.0007,10.9137,9.8434,1.1525,1,14.814
261,000001.XSHE,000001,平安银行,XSHE,2018-01-25,14.64,14.64,14.45,14.47,14.0,14.2,236998459,3360822344.56,103521,0.014,0.9840546846,240235453740,243819841880,-0.0301,10.5857,9.5476,1.1179,1,14.181
262,000001.XSHE,000001,平安银行,XSHE,2018-01-26,14.2,14.2,14.18,14.34,14.02,14.05,203298865,2885104627.01,67172,0.012,0.9840546846,237697755285,241244280170,-0.0106,10.4739,9.4467,1.1061,1,14.191
263,000001.XSHE,000001,平安银行,XSHE,2018-01-29,14.05,14.05,14.05,14.25,13.6,13.74,209054668,2911452095.24,90582,0.0124,0.9840546846,232453178478,235921452636,-0.0221,10.2428,9.2383,1.0817,1,13.927
264,000001.XSHE,000001,平安银行,XSHE,2018-01-30,13.74,13.74,13.7,13.84,13.55,13.65,109473986,1497708872.63,48254,0.0065,0.9840546846,230930559405,234376115610,-0.0066,10.1757,9.1778,1.0746,1,13.681
265,000001.XSHE,000001,平安银行,XSHE,2018-01-31,13.65,13.65,13.6,14.05,13.53,14.05,174772914,2423104767.05,67602,0.0103,0.9840546846,237697755285,241244280170,0.0293,10.4739,9.4467,1.1061,1,13.864
266,000001.XSHE,000001,平安银行,XSHE,2018-02-01,14.05,14.05,13.95,14.3,13.84,14.03,200561475,2821583609.23,69215,0.0119,0.9840546846,237359395491,240900871942,-0.0014,10.4589,9.4333,1.1045,1,14.068
267,000001.XSHE,000001,平安银行,XSHE,2018-02-02,14.03,14.03,13.91,14.1,13.63,14.05,117651271,1637619618.32,47126,0.007,0.9840546846,237697755285,241244280170,0.0014,10.4739,9.4467,1.1061,1,13.919
268,000001.XSHE,000001,平安银行,XSHE,2018-02-05,14.05,14.05,13.8,14.57,13.73,14.55,233199790,3326355314.78,91414,0.0138,0.9840546846,246156750135,249829485870,0.0356,10.8466,9.7829,1.1454,1,14.264
269,000001.XSHE,000001,平安银行,XSHE,2018-02-06,14.55,14.55,14.23,14.33,13.93,14.0,258287204,3641294710.26,85259,0.0153,0.9840546846,236851855800,240385759600,-0.0378,10.4366,9.4131,1.1021,1,14.098
270,000001.XSHE,000001,平安银行,XSHE,2018-02-07,14.0,14.0,14.22,14.3,12.76,12.92,334571697,4521586590.19,136328,0.0198,0.9840546846,218580426924,221841715288,-0.0771,9.6315,8.687,1.0171,1,13.515
271,000001.XSHE,000001,平安银行,XSHE,2018-02-08,12.92,12.92,12.83,12.92,12.53,12.54,213781506,2711464886.05,87121,0.0126,0.9840546846,212151590838,215316958956,-0.0294,9.3482,8.4315,0.9872,1,12.683
272,000001.XSHE,000001,平安银行,XSHE,2018-02-09,12.54,12.54,12.08,12.08,11.38,11.69,282494975,3308553501.52,119490,0.0167,0.9840546846,197771299593,200722109266,-0.0678,8.7145,7.8599,0.9203,1,11.712
273,000001.XSHE,000001,平安银行,XSHE,2018-02-12,11.69,11.69,11.78,11.84,11.56,11.72,122878244,1439644312.04,50261,0.0073,0.9840546846,198278839284,201237221608,0.0026,8.7369,7.8801,0.9226,1,11.716
274,000001.XSHE,000001,平安银行,XSHE,2018-02-13,11.72,11.72,11.87,12.21,11.84,11.94,129817869,1562420005.24,53052,0.0077,0.9840546846,202000797018,205014712116,0.0188,8.9009,8.028,0.94,1,12.035
275,000001.XSHE,000001,平安银行,XSHE,2018-02-14,11.94,11.94,11.96,12.03,11.76,12.0,86419024,1030474410.44,29480,0.0051,0.9840546846,203015876400,206044936800,0.005,8.9456,8.0684,0.9447,1,11.924
276,000001.XSHE,000001,平安银行,XSHE,2018-02-22,12.0,12.0,12.25,12.53,12.25,12.46,126840607,1573562575.57,45523,0.0075,0.9840546846,210798151662,213943326044,0.0383,9.2886,8.3777,0.9809,1,12.406
277,000001.XSHE,000001,平安银行,XSHE,2018-02-23,12.46,12.46,12.58,12.79,12.45,12.61,101366320,1278185721.74,41691,0.006,0.9840546846,213335850117,216518887754,0.012,9.4004,8.4785,0.9927,1,12.61
278,000001.XSHE,000001,平安银行,XSHE,2018-02-26,12.61,12.61,12.77,12.85,12.45,12.63,104575874,1318960463.96,48517,0.0062,0.9840546846,213674209911,216862295982,0.0016,9.4153,8.492,0.9943,1,12.612
279,000001.XSHE,000001,平安银行,XSHE,2018-02-27,12.63,12.63,12.64,12.7,12.19,12.28,128586906,1590018492.14,59461,0.0076,0.9840546846,207752913516,210852651992,-0.0277,9.1544,8.2566,0.9667,1,12.365
280,000001.XSHE,000001,平安银行,XSHE,2018-02-28,12.28,12.28,12.1,12.19,11.93,12.05,121414559,1463313702.75,47508,0.0072,0.9840546846,203861775885,206903457370,-0.0187,8.9829,8.102,0.9486,1,12.052
281,000001.XSHE,000001,平安银行,XSHE,2018-03-01,12.05,12.05,11.92,12.15,11.9,12.04,88695718,1069354491.03,36386,0.0052,0.9840546846,203692520136,206731753256,-0.0008,8.9755,8.0953,0.9478,1,12.056
282,000001.XSHE,000001,平安银行,XSHE,2018-03-02,12.04,12.04,11.92,12.04,11.85,11.95,66312416,791736473.27,32066,0.0039,0.9840546846,202169901630,205186416230,-0.0075,8.9084,8.0348,0.9407,1,11.939
283,000001.XSHE,000001,平安银行,XSHE,2018-03-05,11.95,11.95,11.93,12.08,11.8,11.86,75418313,897244265.05,37199,0.0045,0.9840546846,200647283124,203641079204,-0.0075,8.8413,7.9742,0.9337,1,11.897
284,000001.XSHE,000001,平安银行,XSHE,2018-03-06,11.86,11.86,11.95,12.11,11.77,12.1,115016249,1373438382.66,47000,0.0068,0.9840546846,204707599140,207761977940,0.0202,9.0202,8.1356,0.9526,1,11.941
285,000001.XSHE,000001,平安银行,XSHE,2018-03-07,12.1,12.1,12.15,12.34,12.04,12.05,142757032,1744085270.04,53039,0.0084,0.9840546846,203861699970,206903457370,-0.0041,8.9829,8.102,0.9486,1,12.217
286,000001.XSHE,000001,平安银行,XSHE,2018-03-08,12.05,12.05,12.05,12.15,11.95,12.11,68975503,832153697.14,28121,0.0041,0.9840546846,204876778974,207933682054,0.005,9.0276,8.1423,0.9533,1,12.064
287,000001.XSHE,000001,平安银行,XSHE,2018-03-09,12.11,12.11,12.15,12.2,11.98,12.09,94387697,1139043574.63,38753,0.0056,0.9840546846,204538419306,207590273826,-0.0017,9.0127,8.1289,0.9518,1,12.068
288,000001.XSHE,000001,平安银行,XSHE,2018-03-12,12.09,12.09,12.15,12.17,11.95,12.03,126870132,1526643478.92,47009,0.0075,0.9840546846,203523340302,206560049142,-0.005,8.968,8.0886,0.947,1,12.033
289,000001.XSHE,000001,平安银行,XSHE,2018-03-13,12.03,12.03,12.04,12.22,12.0,12.02,108226732,1309543466.56,44977,0.0064,0.9840546846,203354160468,206388345028,-0.0008,8.9003,8.9003,0.9295,1,12.1
290,000001.XSHE,000001,平安银行,XSHE,2018-03-14,12.02,12.02,11.98,12.0,11.83,11.92,63559413,757090756.43,35665,0.0038,0.9840546846,201662362128,204671303888,-0.0083,8.8262,8.8262,0.9217,1,11.912
291,000001.XSHE,000001,平安银行,XSHE,2018-03-15,11.92,11.92,11.79,11.85,11.66,11.71,115569473,1356878634.17,53394,0.0068,0.9840546846,198109585614,201065517494,-0.0176,8.6707,8.6707,0.9055,1,11.741
292,000001.XSHE,000001,平安银行,XSHE,2018-03-16,11.71,11.71,11.72,11.85,11.64,11.64,96298338,1130784170.87,40640,0.0057,0.9840546846,196925326776,199863588696,-0.006,8.6189,8.6189,0.9001,1,11.743
293,000001.XSHE,000001,平安银行,XSHE,2018-03-19,11.64,11.64,11.66,11.84,11.61,11.83,80853872,947664744.37,32238,0.0048,0.9840546846,200139743622,203125966862,0.0163,8.7596,8.7596,0.9148,1,11.721
294,000001.XSHE,000001,平安银行,XSHE,2018-03-20,11.83,11.83,11.74,11.88,11.72,11.82,77615002,916858475.86,30193,0.0046,0.9840546846,199970563788,202954262748,-0.0008,8.7522,8.7522,0.914,1,11.813
295,000001.XSHE,000001,平安银行,XSHE,2018-03-21,11.82,11.82,11.95,12.12,11.85,11.9,144510951,1736437401.21,56255,0.0085,0.9840546846,201324002460,204327895660,0.0068,8.8114,8.8114,0.9202,1,12.016
296,000001.XSHE,000001,平安银行,XSHE,2018-03-22,11.9,11.9,11.9,11.97,11.62,11.66,98427842,1155741055.87,45920,0.0058,0.9840546846,197263686444,200206996924,-0.0202,8.6337,8.6337,0.9016,1,11.742
297,000001.XSHE,000001,平安银行,XSHE,2018-03-23,11.66,11.66,11.25,11.35,10.92,11.34,182569075,2037734400.09,75964,0.0108,0.9840546846,191849931756,194712465276,-0.0274,8.3968,8.3968,0.8769,1,11.161
298,000001.XSHE,000001,平安银行,XSHE,2018-03-26,11.34,11.34,11.15,11.2,10.86,10.93,138359851,1519435011.09,63646,0.0082,0.9840546846,184913558562,187672596602,-0.0362,8.0932,8.0932,0.8452,1,10.982
299,000001.XSHE,000001,平安银行,XSHE,2018-03-27,10.93,10.93,11.1,11.17,10.86,10.94,110393361,1213989931.18,49311,0.0065,0.9840546846,185082738396,187844300716,0.0009,8.1006,8.1006,0.8459,1,10.997
300,000001.XSHE,000001,平安银行,XSHE,2018-03-28,10.94,10.94,10.85,11.14,10.79,10.89,109902339,1201023442.21,45201,0.0065,0.9840546846,184236839226,186985780146,-0.0046,8.0636,8.0636,0.8421,1,10.928
301,000001.XSHE,000001,平安银行,XSHE,2018-03-29,10.89,10.89,10.92,11.17,10.55,11.05,133060238,1445281829.86,61870,0.0079,0.9840546846,186943716570,189733045970,0.0147,8.182,8.182,0.8544,1,10.862
302,000001.XSHE,000001,平安银行,XSHE,2018-03-30,11.05,11.05,11.04,11.05,10.88,10.9,75217368,823438180.73,31869,0.0044,0.9840546846,184406019060,187157484260,-0.0136,8.071,8.071,0.8428,1,10.947
303,000001.XSHE,000001,平安银行,XSHE,2018-04-02,10.9,10.9,10.87,10.99,10.7,10.71,110931643,1200911980.38,54468,0.0066,0.9840546846,181191602214,183895106094,-0.0174,7.9303,7.9303,0.8282,1,10.826
304,000001.XSHE,000001,平安银行,XSHE,2018-04-03,10.71,10.71,10.6,10.67,10.51,10.56,89074565,942237800.69,40356,0.0053,0.9840546846,178653904704,181319544384,-0.014,7.8192,7.8192,0.8166,1,10.578
305,000001.XSHE,000001,平安银行,XSHE,2018-04-04,10.56,10.56,10.68,11.01,10.6,10.87,160248873,1737258898.28,60913,0.0095,0.9840546846,183898479558,186642371918,0.0294,8.0487,8.0487,0.8405,1,10.841
306,000001.XSHE,000001,平安银行,XSHE,2018-04-09,10.87,10.87,10.8,11.1,10.73,11.02,107479576,1180084371.59,43635,0.0064,0.9840546846,186436177068,189217933628,0.0138,8.1598,8.1598,0.8521,1,10.98
307,000001.XSHE,000001,平安银行,XSHE,2018-04-10,11.02,11.02,11.02,11.46,10.97,11.42,139095079,1562265089.74,60337,0.0082,0.9840546846,193203370428,196086098188,0.0363,8.456,8.456,0.8831,1,11.232
308,000001.XSHE,000001,平安银行,XSHE,2018-04-11,11.42,11.42,11.39,11.92,11.38,11.83,209597045,2458982163.44,72151,0.0124,0.9840546846,200139743622,203125966862,0.0359,8.7596,8.7596,0.9148,1,11.732
309,000001.XSHE,000001,平安银行,XSHE,2018-04-12,11.83,11.83,11.8,11.83,11.42,11.52,117312818,1364675848.46,46893,0.0069,0.9840546846,194895168768,197803139328,-0.0262,8.53,8.53,0.8908,1,11.633
310,000001.XSHE,000001,平安银行,XSHE,2018-04-13,11.52,11.52,11.64,11.79,11.45,11.57,130025597,1516155527.17,38275,0.0077,0.9840546846,195741067938,198661659898,0.0043,8.5671,8.5671,0.8947,1,11.66
311,000001.XSHE,000001,平安银行,XSHE,2018-04-16,11.57,11.57,11.47,11.47,11.03,11.1,142707281,1593706086.4,53028,0.0084,0.9840546846,187789615740,190591566540,-0.0406,8.2191,8.2191,0.8583,1,11.168
312,000001.XSHE,000001,平安银行,XSHE,2018-04-17,11.1,11.1,11.12,11.45,11.11,11.21,130189172,1468159349.66,47336,0.0077,0.9840546846,189650593914,192480311794,0.0099,8.3005,8.3005,0.8668,1,11.277
313,000001.XSHE,000001,平安银行,XSHE,2018-04-18,11.21,11.21,11.45,11.61,11.28,11.5,147584533,1692722923.5,48962,0.0087,0.9840546846,194556809100,197459731100,0.0259,8.3776,7.4852,0.8839,1,11.47
314,000001.XSHE,000001,平安银行,XSHE,2018-04-19,11.5,11.5,11.52,11.69,11.42,11.47,84913183,979593564.6,32523,0.005,0.9840546846,194049269598,196944618758,-0.0026,8.3557,7.4657,0.8816,1,11.536
315,000001.XSHE,000001,平安银行,XSHE,2018-04-20,11.47,11.47,11.51,11.58,11.2,11.35,95869066,1090801311.42,29815,0.0057,0.9840546846,192019111590,194884169390,-0.0105,8.2683,7.3876,0.8724,1,11.378
316,000001.XSHE,000001,平安银行,XSHE,2018-04-23,11.35,11.35,11.3,11.61,11.26,11.57,107028935,1228544006.32,35290,0.0063,0.9840546846,195741067938,198661659898,0.0194,8.4286,7.5308,0.8893,1,11.479
317,000001.XSHE,000001,平安银行,XSHE,2018-04-24,11.57,11.57,11.63,11.94,11.58,11.86,146109880,1725152198.09,52918,0.0086,0.9840546846,200647283124,203641079204,0.0251,8.6398,7.7195,0.9116,1,11.807
318,000001.XSHE,000001,平安银行,XSHE,2018-04-25,11.86,11.86,11.76,11.81,11.63,11.68,73028648,854713248.88,26245,0.0043,0.9840546846,197602046112,200550405152,-0.0152,8.5087,7.6024,0.8978,1,11.704
319,000001.XSHE,000001,平安银行,XSHE,2018-04-26,11.68,11.68,11.66,11.69,11.31,11.42,87423591,1002483154.12,34126,0.0052,0.9840546846,193203370428,196086098188,-0.0223,8.3193,7.4331,0.8778,1,11.467
320,000001.XSHE,000001,平安银行,XSHE,2018-04-27,11.42,11.42,11.49,11.51,10.63,10.85,270979568,2958464277.86,100706,0.016,0.9840546846,183560119890,186298963690,-0.0499,7.9041,7.0621,0.834,1,10.918
321,000001.XSHE,000001,平安银行,XSHE,2018-05-02,10.85,10.85,10.97,11.03,10.8,10.88,119052318,1295804420.86,40839,0.007,0.9840546846,184067659392,186814076032,0.0028,7.9259,7.0817,0.8363,1,10.884
322,000001.XSHE,000001,平安银行,XSHE,2018-05-03,10.88,10.88,10.86,10.88,10.57,10.75,128135557,1372765845.83,48849,0.0076,0.9840546846,181868321550,184581922550,-0.0119,7.8312,6.997,0.8263,1,10.713
323,000001.XSHE,000001,平安银行,XSHE,2018-05-04,10.75,10.75,10.73,10.83,10.66,10.68,71050952,761302468.67,30832,0.0042,0.9840546846,180684062712,183379993752,-0.0065,7.7802,6.9515,0.8209,1,10.715
324,000001.XSHE,000001,平安银行,XSHE,2018-05-07,10.68,10.68,10.7,10.83,10.64,10.81,97430967,1046743101.92,39255,0.0058,0.9840546846,182883400554,185612147234,0.0122,7.8749,7.0361,0.8309,1,10.743
325,000001.XSHE,000001,平安银行,XSHE,2018-05-08,10.81,10.81,10.83,11.15,10.8,11.01,137330568,1511546681.16,50277,0.0081,0.9840546846,186266997234,189046229514,0.0185,8.0206,7.1663,0.8463,1,11.007
326,000001.XSHE,000001,平安银行,XSHE,2018-05-09,11.01,11.01,10.98,11.03,10.88,10.97,62765613,687036874.44,24732,0.0037,0.9840546846,185590277898,188359413058,-0.0036,7.9915,7.1402,0.8432,1,10.946
327,000001.XSHE,000001,平安银行,XSHE,2018-05-10,10.97,10.97,11.03,11.09,10.91,11.01,55273588,607349997.23,21894,0.0033,0.9840546846,186266997234,189046229514,0.0036,8.0206,7.1663,0.8463,1,10.988
328,000001.XSHE,000001,平安银行,XSHE,2018-05-11,11.01,11.01,11.04,11.13,10.96,11.01,77236966,853271166.64,27899,0.0046,0.9840546846,186266997234,189046229514,0.0,8.0206,7.1663,0.8463,1,11.047
